<?xml version="1.0" encoding="UTF-8"?>
<record_update table="sys_scope_design_access">
    <sys_scope_design_access action="INSERT_OR_UPDATE">
        <source_scope display_value="CC16-OAuthWorkshop">83b92ca47cea12007f44f46379a7ad90</source_scope>
        <sys_class_name>sys_scope_design_access</sys_class_name>
        <sys_created_by>admin</sys_created_by>
        <sys_created_on>2016-04-01 05:56:12</sys_created_on>
        <sys_customer_update>false</sys_customer_update>
        <sys_id>6e3129414fe21200edaa9d9f0310c78f</sys_id>
        <sys_mod_count>0</sys_mod_count>
        <sys_name>87f69ff2131212007c215aff3244b0d2</sys_name>
        <sys_package display_value="CC16-OAuthWorkshop" source="x_cc16_oauth">83b92ca47cea12007f44f46379a7ad90</sys_package>
        <sys_policy/>
        <sys_replace_on_upgrade>false</sys_replace_on_upgrade>
        <sys_scope display_value="CC16-OAuthWorkshop">83b92ca47cea12007f44f46379a7ad90</sys_scope>
        <sys_update_name>sys_scope_design_access_6e3129414fe21200edaa9d9f0310c78f</sys_update_name>
        <sys_updated_by>admin</sys_updated_by>
        <sys_updated_on>2016-04-01 05:56:12</sys_updated_on>
        <target_package display_value="Change Request" source="com.snc.change_request">40caadc3ac3212007f444c1b2812e759</target_package>
    </sys_scope_design_access>
</record_update>
