<?xml version="1.0" encoding="UTF-8"?>
<record_update table="sys_scope_privilege">
    <sys_scope_privilege action="INSERT_OR_UPDATE">
        <operation>execute</operation>
        <source_scope display_value="CC16-OAuthWorkshop">83b92ca47cea12007f44f46379a7ad90</source_scope>
        <status>allowed</status>
        <sys_class_name>sys_scope_privilege</sys_class_name>
        <sys_created_by>admin</sys_created_by>
        <sys_created_on>2016-04-01 05:21:03</sys_created_on>
        <sys_customer_update>false</sys_customer_update>
        <sys_id>a139154d4fa21200edaa9d9f0310c749</sys_id>
        <sys_mod_count>0</sys_mod_count>
        <sys_name>GlideOAuthToken</sys_name>
        <sys_package display_value="CC16-OAuthWorkshop" source="x_cc16_oauth">83b92ca47cea12007f44f46379a7ad90</sys_package>
        <sys_policy/>
        <sys_replace_on_upgrade>false</sys_replace_on_upgrade>
        <sys_scope display_value="CC16-OAuthWorkshop">83b92ca47cea12007f44f46379a7ad90</sys_scope>
        <sys_update_name>sys_scope_privilege_a139154d4fa21200edaa9d9f0310c749</sys_update_name>
        <sys_updated_by>admin</sys_updated_by>
        <sys_updated_on>2016-04-01 05:21:03</sys_updated_on>
        <target_name>GlideOAuthToken</target_name>
        <target_scope display_value="Global">global</target_scope>
        <target_type>scriptable</target_type>
    </sys_scope_privilege>
</record_update>
