<?xml version="1.0" encoding="UTF-8"?>
<record_update sys_domain="global" table="sys_app_module">
    <sys_app_module action="INSERT_OR_UPDATE">
        <active>false</active>
        <application display_value="Lab Management">3ba06100dd3211007f4464fb5f110b33</application>
        <assessment/>
        <content_page/>
        <device_type/>
        <filter/>
        <hint/>
        <homepage/>
        <image/>
        <link_type>DIRECT</link_type>
        <map_page/>
        <mobile_title>OAuth Lab Details</mobile_title>
        <mobile_view_name>Mobile</mobile_view_name>
        <name/>
        <order>2000</order>
        <override_menu_roles>false</override_menu_roles>
        <query>x_cc16_oauth_details.do</query>
        <report/>
        <roles/>
        <survey/>
        <survey_overwrite>true</survey_overwrite>
        <sys_class_name>sys_app_module</sys_class_name>
        <sys_created_by>admin</sys_created_by>
        <sys_created_on>2016-04-19 05:47:36</sys_created_on>
        <sys_customer_update>false</sys_customer_update>
        <sys_domain>global</sys_domain>
        <sys_domain_path>/</sys_domain_path>
        <sys_id>a39b0eba383212007f4469e13b89b765</sys_id>
        <sys_mod_count>1</sys_mod_count>
        <sys_name>OAuth Lab Details</sys_name>
        <sys_overrides/>
        <sys_package display_value="CC16-OAuthWorkshop" source="x_cc16_oauth">83b92ca47cea12007f44f46379a7ad90</sys_package>
        <sys_policy/>
        <sys_replace_on_upgrade>false</sys_replace_on_upgrade>
        <sys_scope display_value="CC16-OAuthWorkshop">83b92ca47cea12007f44f46379a7ad90</sys_scope>
        <sys_update_name>sys_app_module_a39b0eba383212007f4469e13b89b765</sys_update_name>
        <sys_updated_by>admin</sys_updated_by>
        <sys_updated_on>2016-04-20 17:08:46</sys_updated_on>
        <timeline_page/>
        <title>OAuth Lab Details</title>
        <uncancelable>false</uncancelable>
        <view_name/>
        <window_name/>
    </sys_app_module>
</record_update>
