<?xml version="1.0" encoding="UTF-8"?>
<record_update table="sys_scope_table_access">
    <sys_scope_table_access action="INSERT_OR_UPDATE">
        <create_access>false</create_access>
        <delete_access>false</delete_access>
        <example_stack_trace>Default-thread-2
	com.glide.sys.fencing.dependency.ScopeAccessProvider$ScopeAccessCache.getCurrentStackTrace(ScopeAccessProvider.java:234)
	com.glide.sys.fencing.dependency.ScopeAccessProvider$ScopeAccessCache.record(ScopeAccessProvider.java:202)
	com.glide.sys.fencing.dependency.ScopeAccessProvider$ScopeAccessCache.access$100(ScopeAccessProvider.java:81)
	com.glide.sys.fencing.dependency.ScopeAccessProvider.recordAccess(ScopeAccessProvider.java:64)
	com.glide.sys.fencing.dependency.ScopeAccessRecorder.record(ScopeAccessRecorder.java:13)
	com.glide.script.fencing.access.ScopedTableAccess.hasRightsTo(ScopedTableAccess.java:93)
	com.glide.script.fencing.access.ScopedTableAccess.hasRightsToTable(ScopedTableAccess.java:40)
	com.glide.script.fencing.ScopedGlideRecord.getScopeAccessStatusForTable(ScopedGlideRecord.java:229)
	com.glide.script.fencing.ScopedGlideRecord.checkOperationPermitted(ScopedGlideRecord.java:211)
	com.glide.script.fencing.ScopedGlideRecord.jsFunction_get(ScopedGlideRecord.java:176)
	sun.reflect.GeneratedMethodAccessor509.invoke(Unknown Source)
	sun.reflect.DelegatingMethodAccessorImpl.invoke(DelegatingMethodAccessorImpl.java:43)
	java.lang.reflect.Method.invoke(Method.java:497)
	org.mozilla.javascript.MemberBox.invoke(MemberBox.java:138)
	org.mozilla.javascript.FunctionObject.doInvoke(FunctionObject.java:637)
	org.mozilla.javascript.FunctionObject.call(FunctionObject.java:581)
	org.mozilla.javascript.ScriptRuntime.doCall(ScriptRuntime.java:2574)
	org.mozilla.javascript.optimizer.OptRuntime.call2(OptRuntime.java:42)
	org.mozilla.javascript.gen.sys_script_include_9955ddc94fa21200edaa9d9f0310c774_1504._c_anonymous_3(sys_script_include.9955ddc94fa21200edaa9d9f0310c774:58)
	org.mozilla.javascript.gen.sys_script_include_9955ddc94fa21200edaa9d9f0310c774_1504.call(sys_script_include.9955ddc94fa21200edaa9d9f0310c774)
	org.mozilla.javascript.ScriptRuntime.doCall2(ScriptRuntime.java:2645)
	org.mozilla.javascript.ScriptRuntime.doCall(ScriptRuntime.java:2582)
	org.mozilla.javascript.optimizer.OptRuntime.call1(OptRuntime.java:32)
	org.mozilla.javascript.gen.sys_script_include_9955ddc94fa21200edaa9d9f0310c774_1504._c_anonymous_2(sys_script_include.9955ddc94fa21200edaa9d9f0310c774:15)
	org.mozilla.javascript.gen.sys_script_include_9955ddc94fa21200edaa9d9f0310c774_1504.call(sys_script_include.9955ddc94fa21200edaa9d9f0310c774)
	org.mozilla.javascript.ScriptRuntime.doCall2(ScriptRuntime.java:2645)
	org.mozilla.javascript.ScriptRuntime.doCall(ScriptRuntime.java:2582)
	org.mozilla.javascript.optimizer.OptRuntime.callN(OptRuntime.java:52)
	org.mozilla.javascript.gen._refname__1502._c_script_0(&lt;refname&gt;:5)
	org.mozilla.javascript.gen._refname__1502.call(&lt;refname&gt;)
	org.mozilla.javascript.ContextFactory.doTopCall(ContextFactory.java:560)
	org.mozilla.javascript.ScriptRuntime.doTopCall(ScriptRuntime.java:3439)
	org.mozilla.javascript.gen._refname__1502.call(&lt;refname&gt;)
	org.mozilla.javascript.gen._refname__1502.exec(&lt;refname&gt;)
	com.glide.script.ScriptEvaluator.execute(ScriptEvaluator.java:236)
	com.glide.script.ScriptEvaluator.evaluateString(ScriptEvaluator.java:107)
	com.glide.script.ScriptEvaluator.evaluateString(ScriptEvaluator.java:73)
	com.glide.script.ScriptEvaluator.evaluateString(ScriptEvaluator.java:64)
	com.glide.script.Evaluator.evaluateString(Evaluator.java:91)
	com.glide.update.UpdateManager2.testFixScript(UpdateManager2.java:622)
	com.snc.apps.ScriptFixXMLHttpProcessor$ScriptFixWorker.evaluateScript(ScriptFixXMLHttpProcessor.java:122)
	com.snc.apps.ScriptFixXMLHttpProcessor$ScriptFixWorker.startWork(ScriptFixXMLHttpProcessor.java:100)
	com.glide.worker.AbstractProgressWorker.startAndWait(AbstractProgressWorker.java:86)
	com.glide.worker.ProgressWorker.startAndWait(ProgressWorker.java:52)
	com.glide.worker.AbstractProgressWorker.start(AbstractProgressWorker.java:67)
	com.snc.apps.ScriptFixXMLHttpProcessor.process(ScriptFixXMLHttpProcessor.java:77)
	com.glide.processors.XMLHttpProcessor.processJavaAJAX(XMLHttpProcessor.java:143)
	com.glide.processors.XMLHttpProcessor.process(XMLHttpProcessor.java:100)
	com.glide.processors.AProcessor.runProcessor(AProcessor.java:407)
	com.glide.processors.AProcessor.processTransaction(AProcessor.java:182)
	com.glide.processors.ProcessorRegistry.process(ProcessorRegistry.java:165)
	com.glide.ui.GlideServletTransaction.process(GlideServletTransaction.java:49)
	com.glide.sys.ServletTransaction.run(ServletTransaction.java:34)
	java.util.concurrent.ThreadPoolExecutor.runWorker(ThreadPoolExecutor.java:1142)
	java.util.concurrent.ThreadPoolExecutor$Worker.run(ThreadPoolExecutor.java:617)
	java.lang.Thread.run(Thread.java:745)
</example_stack_trace>
        <read_access>true</read_access>
        <source_scope display_value="CC16-OAuthWorkshop">83b92ca47cea12007f44f46379a7ad90</source_scope>
        <sys_class_name>sys_scope_table_access</sys_class_name>
        <sys_created_by>admin</sys_created_by>
        <sys_created_on>2016-04-01 05:21:03</sys_created_on>
        <sys_customer_update>false</sys_customer_update>
        <sys_id>ed39154d4fa21200edaa9d9f0310c747</sys_id>
        <sys_mod_count>0</sys_mod_count>
        <sys_name>sys_rest_message</sys_name>
        <sys_package display_value="CC16-OAuthWorkshop" source="x_cc16_oauth">83b92ca47cea12007f44f46379a7ad90</sys_package>
        <sys_policy/>
        <sys_replace_on_upgrade>false</sys_replace_on_upgrade>
        <sys_scope display_value="CC16-OAuthWorkshop">83b92ca47cea12007f44f46379a7ad90</sys_scope>
        <sys_update_name>sys_scope_table_access_ed39154d4fa21200edaa9d9f0310c747</sys_update_name>
        <sys_updated_by>admin</sys_updated_by>
        <sys_updated_on>2016-04-01 05:21:03</sys_updated_on>
        <table_name>sys_rest_message</table_name>
        <target_scope display_value="Global">global</target_scope>
        <write_access>false</write_access>
    </sys_scope_table_access>
</record_update>
