<?xml version="1.0" encoding="UTF-8"?>
<record_update table="sys_rest_message_fn_parameters">
    <sys_rest_message_fn_parameters action="INSERT_OR_UPDATE">
        <name>text</name>
        <rest_message_function display_value="post">b87a2ce47cea12007f44f46379a7adb5</rest_message_function>
        <sys_class_name>sys_rest_message_fn_parameters</sys_class_name>
        <sys_created_by>admin</sys_created_by>
        <sys_created_on>2016-03-30 12:44:50</sys_created_on>
        <sys_customer_update>false</sys_customer_update>
        <sys_id>3e9bece47cea12007f44f46379a7addf</sys_id>
        <sys_mod_count>5</sys_mod_count>
        <sys_name>text</sys_name>
        <sys_package display_value="CC16-OAuthWorkshop" source="x_cc16_oauth">83b92ca47cea12007f44f46379a7ad90</sys_package>
        <sys_policy/>
        <sys_replace_on_upgrade>false</sys_replace_on_upgrade>
        <sys_scope display_value="CC16-OAuthWorkshop">83b92ca47cea12007f44f46379a7ad90</sys_scope>
        <sys_update_name>sys_rest_message_fn_parameters_3e9bece47cea12007f44f46379a7addf</sys_update_name>
        <sys_updated_by>admin</sys_updated_by>
        <sys_updated_on>2016-04-01 04:01:05</sys_updated_on>
        <type>string</type>
        <value>Test message from &lt;WRITE_YOUR_INSTANCE_NAME&gt;</value>
    </sys_rest_message_fn_parameters>
</record_update>
