<?xml version="1.0" encoding="UTF-8"?>
<record_update table="sys_scope_table_access">
    <sys_scope_table_access action="INSERT_OR_UPDATE">
        <create_access>false</create_access>
        <delete_access>false</delete_access>
        <example_stack_trace>Creating branch on the repository
	com.glide.sys.fencing.dependency.ScopeAccessProvider$ScopeAccessCache.getCurrentStackTrace(ScopeAccessProvider.java:234)
	com.glide.sys.fencing.dependency.ScopeAccessProvider$ScopeAccessCache.record(ScopeAccessProvider.java:202)
	com.glide.sys.fencing.dependency.ScopeAccessProvider$ScopeAccessCache.access$100(ScopeAccessProvider.java:81)
	com.glide.sys.fencing.dependency.ScopeAccessProvider.recordAccess(ScopeAccessProvider.java:64)
	com.glide.sys.fencing.dependency.ScopeAccessRecorder.record(ScopeAccessRecorder.java:13)
	com.glide.script.fencing.access.ScopedTableAccess.hasRightsTo(ScopedTableAccess.java:93)
	com.glide.script.fencing.access.ScopedTableAccess.hasRightsToTable(ScopedTableAccess.java:40)
	com.glide.script.fencing.ScopedGlideRecord.getScopeAccessStatusForTable(ScopedGlideRecord.java:229)
	com.glide.script.fencing.ScopedGlideRecord.checkOperationPermitted(ScopedGlideRecord.java:211)
	com.glide.script.fencing.ScopedGlideRecord.jsFunction_query(ScopedGlideRecord.java:170)
	sun.reflect.GeneratedMethodAccessor587.invoke(Unknown Source)
	sun.reflect.DelegatingMethodAccessorImpl.invoke(DelegatingMethodAccessorImpl.java:43)
	java.lang.reflect.Method.invoke(Method.java:497)
	org.mozilla.javascript.MemberBox.invoke(MemberBox.java:138)
	org.mozilla.javascript.FunctionObject.doInvoke(FunctionObject.java:637)
	org.mozilla.javascript.FunctionObject.call(FunctionObject.java:581)
	org.mozilla.javascript.ScriptRuntime.doCall(ScriptRuntime.java:2574)
	org.mozilla.javascript.optimizer.OptRuntime.callProp0(OptRuntime.java:85)
	org.mozilla.javascript.gen._refname__1737._c_script_0(&lt;refname&gt;:5)
	org.mozilla.javascript.gen._refname__1737.call(&lt;refname&gt;)
	org.mozilla.javascript.ContextFactory.doTopCall(ContextFactory.java:560)
	org.mozilla.javascript.ScriptRuntime.doTopCall(ScriptRuntime.java:3439)
	org.mozilla.javascript.gen._refname__1737.call(&lt;refname&gt;)
	org.mozilla.javascript.gen._refname__1737.exec(&lt;refname&gt;)
	com.glide.script.ScriptEvaluator.execute(ScriptEvaluator.java:236)
	com.glide.script.ScriptEvaluator.evaluateString(ScriptEvaluator.java:107)
	com.glide.script.ScriptEvaluator.evaluateString(ScriptEvaluator.java:73)
	com.glide.script.ScriptEvaluator.evaluateString(ScriptEvaluator.java:64)
	com.glide.script.Evaluator.evaluateString(Evaluator.java:91)
	com.glide.update.UpdateController.evaluateFixScript(UpdateController.java:603)
	com.glide.update.UpdateController.loadFix(UpdateController.java:576)
	com.glide.update.PluginUpdateLoader.loadFix(PluginUpdateLoader.java:265)
	com.glide.update.PluginUpdateLoader.loadFixes(PluginUpdateLoader.java:232)
	com.glide.update.PluginUpdateManager.loadFixes(PluginUpdateManager.java:617)
	com.glide.update.PluginUpdateManager.loadFixes(PluginUpdateManager.java:611)
	com.glide.update.PluginUpdateManager.loadAfterFixes(PluginUpdateManager.java:598)
	com.glide.update.PluginUpdateManager.loadPlugin(PluginUpdateManager.java:223)
	com.glide.sourcecontrol.AppInstaller.loadDBUpdates0(AppInstaller.java:136)
	com.glide.sourcecontrol.AppInstaller.loadDBUpdates(AppInstaller.java:113)
	com.glide.sourcecontrol.AppInstaller.install(AppInstaller.java:75)
	com.glide.sourcecontrol.worker.git.GitImportApplicationWorker.installApp(GitImportApplicationWorker.java:523)
	com.glide.sourcecontrol.worker.git.GitImportApplicationWorker.importApp(GitImportApplicationWorker.java:196)
	com.glide.sourcecontrol.worker.ImportApplicationWorker.execute(ImportApplicationWorker.java:80)
	com.glide.sourcecontrol.worker.CreateBranchWorker.execute(CreateBranchWorker.java:87)
	com.glide.sourcecontrol.SourceControlWorker.startWork(SourceControlWorker.java:36)
	com.glide.worker.AbstractProgressWorker.startAndWait(AbstractProgressWorker.java:86)
	com.glide.worker.HierarchicalProgressWorker.startAndWait(HierarchicalProgressWorker.java:37)
	com.glide.worker.ProgressWorkerThread.run(ProgressWorkerThread.java:53)
</example_stack_trace>
        <read_access>true</read_access>
        <source_scope display_value="CC16-OAuthWorkshop">83b92ca47cea12007f44f46379a7ad90</source_scope>
        <sys_class_name>sys_scope_table_access</sys_class_name>
        <sys_created_by>admin</sys_created_by>
        <sys_created_on>2016-04-01 05:36:14</sys_created_on>
        <sys_customer_update>false</sys_customer_update>
        <sys_id>3fac91cd4fa21200edaa9d9f0310c755</sys_id>
        <sys_mod_count>0</sys_mod_count>
        <sys_name>change_request</sys_name>
        <sys_package display_value="CC16-OAuthWorkshop" source="x_cc16_oauth">83b92ca47cea12007f44f46379a7ad90</sys_package>
        <sys_policy/>
        <sys_replace_on_upgrade>false</sys_replace_on_upgrade>
        <sys_scope display_value="CC16-OAuthWorkshop">83b92ca47cea12007f44f46379a7ad90</sys_scope>
        <sys_update_name>sys_scope_table_access_3fac91cd4fa21200edaa9d9f0310c755</sys_update_name>
        <sys_updated_by>admin</sys_updated_by>
        <sys_updated_on>2016-04-01 05:36:14</sys_updated_on>
        <table_name>change_request</table_name>
        <target_scope display_value="Global">global</target_scope>
        <write_access>false</write_access>
    </sys_scope_table_access>
</record_update>
