<?xml version="1.0" encoding="UTF-8"?>
<record_update table="sys_rest_message">
    <sys_rest_message action="INSERT_OR_UPDATE">
        <access>package_private</access>
        <authentication_type/>
        <basic_auth_password/>
        <basic_auth_profile/>
        <basic_auth_user/>
        <description>This method posts a message to a public channel, private group, or IM channel.&#13;
https://api.slack.com/methods/chat.postMessage</description>
        <name>Slack API</name>
        <oauth2_profile/>
        <protocol_name/>
        <rest_endpoint>https://slack.com/api/chat.postMessage</rest_endpoint>
        <sys_class_name>sys_rest_message</sys_class_name>
        <sys_created_by>admin</sys_created_by>
        <sys_created_on>2016-03-30 12:39:47</sys_created_on>
        <sys_customer_update>false</sys_customer_update>
        <sys_id>da4a6ca47cea12007f44f46379a7adb1</sys_id>
        <sys_mod_count>2</sys_mod_count>
        <sys_name>Slack API</sys_name>
        <sys_package display_value="CC16-OAuthWorkshop" source="x_cc16_oauth">83b92ca47cea12007f44f46379a7ad90</sys_package>
        <sys_policy/>
        <sys_replace_on_upgrade>false</sys_replace_on_upgrade>
        <sys_scope display_value="CC16-OAuthWorkshop">83b92ca47cea12007f44f46379a7ad90</sys_scope>
        <sys_update_name>sys_rest_message_da4a6ca47cea12007f44f46379a7adb1</sys_update_name>
        <sys_updated_by>admin</sys_updated_by>
        <sys_updated_on>2016-04-15 10:09:00</sys_updated_on>
        <use_basic_auth>false</use_basic_auth>
        <use_mutual_auth>false</use_mutual_auth>
    </sys_rest_message>
</record_update>
