<?xml version="1.0" encoding="UTF-8"?>
<record_update table="sys_app">
    <sys_app action="INSERT_OR_UPDATE">
        <active>true</active>
        <enforce_license>log</enforce_license>
        <js_level>helsinki_es5</js_level>
        <licensable>true</licensable>
        <license_model>none</license_model>
        <logo/>
        <menu/>
        <name>CC17 Working with Webhooks</name>
        <private>false</private>
        <restrict_table_access>false</restrict_table_access>
        <runtime_access_tracking>permissive</runtime_access_tracking>
        <scope>x_snc_cc17_webhook</scope>
        <scoped_administration>false</scoped_administration>
        <short_description/>
        <source>x_snc_cc17_webhook</source>
        <store_correlation_id/>
        <store_url/>
        <sys_class_name>sys_app</sys_class_name>
        <sys_code/>
        <sys_created_by>jnerius</sys_created_by>
        <sys_created_on>2017-03-25 21:02:56</sys_created_on>
        <sys_id>c1f9d0a4203132007f44eab520e803e3</sys_id>
        <sys_mod_count>0</sys_mod_count>
        <sys_updated_by>jnerius</sys_updated_by>
        <sys_updated_on>2017-03-25 21:02:56</sys_updated_on>
        <template/>
        <trackable>true</trackable>
        <user_role/>
        <vendor/>
        <vendor_prefix/>
        <version>1.0.0</version>
    </sys_app>
</record_update>
