<?xml version="1.0" encoding="UTF-8"?>
<record_update table="sp_portal">
    <sp_portal action="INSERT_OR_UPDATE">
        <css_variables/>
        <default>false</default>
        <homepage/>
        <icon/>
        <kb_knowledge_base/>
        <kb_knowledge_page/>
        <login_page/>
        <logo/>
        <notfound_page/>
        <quick_start_config/>
        <sc_catalog/>
        <sc_catalog_page/>
        <sp_chat_queue/>
        <sp_rectangle_menu/>
        <sqanda_knowledge_base/>
        <sys_class_name>sp_portal</sys_class_name>
        <sys_created_by>admin</sys_created_by>
        <sys_created_on>2017-01-10 21:25:10</sys_created_on>
        <sys_customer_update>true</sys_customer_update>
        <sys_id>62299ba4db54b200daa6dfea5e9619b8</sys_id>
        <sys_mod_count>1</sys_mod_count>
        <sys_name>New Portal</sys_name>
        <sys_package display_value="Service Portal Workshop" source="x_amspa_service">c4289b64db54b200daa6dfea5e9619a8</sys_package>
        <sys_policy/>
        <sys_replace_on_upgrade>false</sys_replace_on_upgrade>
        <sys_scope display_value="Service Portal Workshop">c4289b64db54b200daa6dfea5e9619a8</sys_scope>
        <sys_update_name>sp_portal_62299ba4db54b200daa6dfea5e9619b8</sys_update_name>
        <sys_updated_by>admin</sys_updated_by>
        <sys_updated_on>2017-01-10 21:25:43</sys_updated_on>
        <theme display_value="Stock">79315153cb33310000f8d856634c9c4b</theme>
        <title>New Portal</title>
        <url_suffix>new_portal</url_suffix>
    </sp_portal>
</record_update>
