<?xml version="1.0" encoding="UTF-8"?>
<record_update table="sys_user_role">
    <sys_user_role action="INSERT_OR_UPDATE">
        <assignable_by/>
        <can_delegate>true</can_delegate>
        <description/>
        <elevated_privilege>false</elevated_privilege>
        <encryption_context/>
        <grantable>true</grantable>
        <includes_roles/>
        <name>x_amspa_service_my_table_user</name>
        <suffix/>
        <sys_class_name>sys_user_role</sys_class_name>
        <sys_created_by>admin</sys_created_by>
        <sys_created_on>2017-01-10 21:21:42</sys_created_on>
        <sys_customer_update>true</sys_customer_update>
        <sys_id>be989b64db54b200daa6dfea5e9619ad</sys_id>
        <sys_mod_count>0</sys_mod_count>
        <sys_name>x_amspa_service_my_table_user</sys_name>
        <sys_package display_value="Service Portal Workshop" source="x_amspa_service">c4289b64db54b200daa6dfea5e9619a8</sys_package>
        <sys_policy/>
        <sys_replace_on_upgrade>false</sys_replace_on_upgrade>
        <sys_scope display_value="Service Portal Workshop">c4289b64db54b200daa6dfea5e9619a8</sys_scope>
        <sys_update_name>sys_user_role_be989b64db54b200daa6dfea5e9619ad</sys_update_name>
        <sys_updated_by>admin</sys_updated_by>
        <sys_updated_on>2017-01-10 21:21:42</sys_updated_on>
    </sys_user_role>
</record_update>
