<?xml version="1.0" encoding="UTF-8"?>
<record_update>
    <sys_documentation element="my_column" label="My Column" language="en" table="x_amspa_service_my_table">
        <sys_documentation action="INSERT_OR_UPDATE">
            <element>my_column</element>
            <help/>
            <hint/>
            <label>My Column</label>
            <language>en</language>
            <name>x_amspa_service_my_table</name>
            <plural>My Columns</plural>
            <sys_class_name>sys_documentation</sys_class_name>
            <sys_created_by>admin</sys_created_by>
            <sys_created_on>2017-01-10 21:21:45</sys_created_on>
            <sys_customer_update>false</sys_customer_update>
            <sys_id>539817a4db54b200daa6dfea5e9619cc</sys_id>
            <sys_mod_count>0</sys_mod_count>
            <sys_name>My Column</sys_name>
            <sys_package display_value="Service Portal Workshop" source="x_amspa_service">c4289b64db54b200daa6dfea5e9619a8</sys_package>
            <sys_policy/>
            <sys_replace_on_upgrade>false</sys_replace_on_upgrade>
            <sys_scope display_value="Service Portal Workshop">c4289b64db54b200daa6dfea5e9619a8</sys_scope>
            <sys_update_name>sys_documentation_x_amspa_service_my_table_my_column_en</sys_update_name>
            <sys_updated_by>admin</sys_updated_by>
            <sys_updated_on>2017-01-10 21:21:45</sys_updated_on>
            <url/>
            <url_target/>
        </sys_documentation>
    </sys_documentation>
</record_update>
