<?xml version="1.0" encoding="UTF-8"?>
<record_update table="sys_db_object">
    <sys_db_object action="INSERT_OR_UPDATE">
        <access>public</access>
        <actions_access>false</actions_access>
        <alter_access>false</alter_access>
        <client_scripts_access>false</client_scripts_access>
        <configuration_access>false</configuration_access>
        <create_access>false</create_access>
        <create_access_controls>true</create_access_controls>
        <delete_access>false</delete_access>
        <extension_model/>
        <is_extendable>false</is_extendable>
        <label>My Table</label>
        <live_feed_enabled>false</live_feed_enabled>
        <name>x_amspa_service_my_table</name>
        <number_ref/>
        <provider_class/>
        <read_access>true</read_access>
        <super_class/>
        <sys_class_name>sys_db_object</sys_class_name>
        <sys_created_by>admin</sys_created_by>
        <sys_created_on>2017-01-10 21:21:44</sys_created_on>
        <sys_customer_update>true</sys_customer_update>
        <sys_id>1b78d3a4db54b200daa6dfea5e9619ec</sys_id>
        <sys_mod_count>0</sys_mod_count>
        <sys_name>My Table</sys_name>
        <sys_package display_value="Service Portal Workshop" source="x_amspa_service">c4289b64db54b200daa6dfea5e9619a8</sys_package>
        <sys_policy/>
        <sys_replace_on_upgrade>false</sys_replace_on_upgrade>
        <sys_scope display_value="Service Portal Workshop">c4289b64db54b200daa6dfea5e9619a8</sys_scope>
        <sys_update_name>sys_db_object_1b78d3a4db54b200daa6dfea5e9619ec</sys_update_name>
        <sys_updated_by>admin</sys_updated_by>
        <sys_updated_on>2017-01-10 21:21:44</sys_updated_on>
        <update_access>false</update_access>
        <user_role display_value="x_amspa_service_my_table_user" name="x_amspa_service_my_table_user">be989b64db54b200daa6dfea5e9619ad</user_role>
        <ws_access>true</ws_access>
    </sys_db_object>
</record_update>
