<?xml version="1.0" encoding="UTF-8"?>
<record_update sys_domain="global" table="sys_ui_application">
    <sys_ui_application action="INSERT_OR_UPDATE">
        <active>true</active>
        <hint/>
        <name>My Table</name>
        <order/>
        <roles>x_amspa_service_my_table_user</roles>
        <sys_class_name>sys_ui_application</sys_class_name>
        <sys_created_by>admin</sys_created_by>
        <sys_created_on>2017-01-10 21:21:44</sys_created_on>
        <sys_customer_update>true</sys_customer_update>
        <sys_domain>global</sys_domain>
        <sys_domain_path>/</sys_domain_path>
        <sys_id>4f9817a4db54b200daa6dfea5e9619c1</sys_id>
        <sys_mod_count>0</sys_mod_count>
        <sys_name>My Table</sys_name>
        <sys_overrides/>
        <sys_package display_value="Service Portal Workshop" source="x_amspa_service">c4289b64db54b200daa6dfea5e9619a8</sys_package>
        <sys_policy/>
        <sys_replace_on_upgrade>false</sys_replace_on_upgrade>
        <sys_scope display_value="Service Portal Workshop">c4289b64db54b200daa6dfea5e9619a8</sys_scope>
        <sys_update_name>sys_ui_application_4f9817a4db54b200daa6dfea5e9619c1</sys_update_name>
        <sys_updated_by>admin</sys_updated_by>
        <sys_updated_on>2017-01-10 21:21:44</sys_updated_on>
    </sys_ui_application>
</record_update>
