<?xml version="1.0" encoding="UTF-8"?>
<record_update table="sys_security_acl">
    <sys_security_acl action="INSERT_OR_UPDATE">
        <active>true</active>
        <admin_overrides>true</admin_overrides>
        <advanced>false</advanced>
        <condition/>
        <description>Default access control on x_amspa_service_my_table</description>
        <name>x_amspa_service_my_table</name>
        <operation display_value="read">read</operation>
        <script/>
        <sys_class_name>sys_security_acl</sys_class_name>
        <sys_created_by>admin</sys_created_by>
        <sys_created_on>2017-01-10 21:21:45</sys_created_on>
        <sys_customer_update>true</sys_customer_update>
        <sys_id>979817a4db54b200daa6dfea5e9619c4</sys_id>
        <sys_mod_count>0</sys_mod_count>
        <sys_name>x_amspa_service_my_table</sys_name>
        <sys_package display_value="Service Portal Workshop" source="x_amspa_service">c4289b64db54b200daa6dfea5e9619a8</sys_package>
        <sys_policy/>
        <sys_replace_on_upgrade>false</sys_replace_on_upgrade>
        <sys_scope display_value="Service Portal Workshop">c4289b64db54b200daa6dfea5e9619a8</sys_scope>
        <sys_update_name>sys_security_acl_979817a4db54b200daa6dfea5e9619c4</sys_update_name>
        <sys_updated_by>admin</sys_updated_by>
        <sys_updated_on>2017-01-10 21:21:45</sys_updated_on>
        <type display_value="record">record</type>
    </sys_security_acl>
</record_update>
