<?xml version="1.0" encoding="UTF-8"?>
<record_update sys_domain="global" table="sys_app_module">
    <sys_app_module action="INSERT_OR_UPDATE">
        <active>true</active>
        <application display_value="My Table">879817a4db54b200daa6dfea5e9619c0</application>
        <assessment/>
        <content_page/>
        <device_type/>
        <filter/>
        <hint/>
        <homepage/>
        <image/>
        <link_type>LIST</link_type>
        <map_page/>
        <mobile_title>My Tables</mobile_title>
        <mobile_view_name>Mobile</mobile_view_name>
        <name>x_amspa_service_my_table</name>
        <order/>
        <override_menu_roles>false</override_menu_roles>
        <query/>
        <report/>
        <roles>x_amspa_service_my_table_user</roles>
        <survey/>
        <survey_overwrite>true</survey_overwrite>
        <sys_class_name>sys_app_module</sys_class_name>
        <sys_created_by>admin</sys_created_by>
        <sys_created_on>2017-01-10 21:21:44</sys_created_on>
        <sys_customer_update>true</sys_customer_update>
        <sys_domain>global</sys_domain>
        <sys_domain_path>/</sys_domain_path>
        <sys_id>439817a4db54b200daa6dfea5e9619c1</sys_id>
        <sys_mod_count>0</sys_mod_count>
        <sys_name>My Tables</sys_name>
        <sys_overrides/>
        <sys_package display_value="Service Portal Workshop" source="x_amspa_service">c4289b64db54b200daa6dfea5e9619a8</sys_package>
        <sys_policy/>
        <sys_replace_on_upgrade>false</sys_replace_on_upgrade>
        <sys_scope display_value="Service Portal Workshop">c4289b64db54b200daa6dfea5e9619a8</sys_scope>
        <sys_update_name>sys_app_module_439817a4db54b200daa6dfea5e9619c1</sys_update_name>
        <sys_updated_by>admin</sys_updated_by>
        <sys_updated_on>2017-01-10 21:21:44</sys_updated_on>
        <timeline_page/>
        <title>My Tables</title>
        <uncancelable>false</uncancelable>
        <view_name/>
        <window_name/>
    </sys_app_module>
</record_update>
