<?xml version="1.0" encoding="UTF-8"?>
<record_update>
    <sys_ui_section caption="" section_id="e3a817a4db54b200daa6dfea5e9619d5" sys_domain="global" table="x_amspa_service_my_table" version="3" view="">
        <sys_ui_element action="INSERT_OR_UPDATE">
            <element>my_column</element>
            <position>0</position>
            <sys_created_by>admin</sys_created_by>
            <sys_created_on>2017-01-10 21:22:02</sys_created_on>
            <sys_id>eba817a4db54b200daa6dfea5e9619d5</sys_id>
            <sys_mod_count>0</sys_mod_count>
            <sys_ui_formatter/>
            <sys_ui_section caption="NULL" display_value="" name="x_amspa_service_my_table" sys_domain="global" view="Default view">e3a817a4db54b200daa6dfea5e9619d5</sys_ui_section>
            <sys_updated_by>admin</sys_updated_by>
            <sys_updated_on>2017-01-10 21:22:02</sys_updated_on>
            <sys_user/>
            <type/>
        </sys_ui_element>
        <sys_ui_element action="INSERT_OR_UPDATE">
            <element>new_column</element>
            <position>1</position>
            <sys_created_by>admin</sys_created_by>
            <sys_created_on>2017-01-10 21:30:58</sys_created_on>
            <sys_id>1ebadfa4db54b200daa6dfea5e96197e</sys_id>
            <sys_mod_count>0</sys_mod_count>
            <sys_ui_formatter/>
            <sys_ui_section caption="NULL" display_value="" name="x_amspa_service_my_table" sys_domain="global" view="Default view">e3a817a4db54b200daa6dfea5e9619d5</sys_ui_section>
            <sys_updated_by>admin</sys_updated_by>
            <sys_updated_on>2017-01-10 21:30:58</sys_updated_on>
            <sys_user/>
            <type/>
        </sys_ui_element>
        <sys_ui_section action="INSERT_OR_UPDATE">
            <caption/>
            <header>false</header>
            <name>x_amspa_service_my_table</name>
            <roles/>
            <sys_class_name>sys_ui_section</sys_class_name>
            <sys_created_by>admin</sys_created_by>
            <sys_created_on>2017-01-10 21:22:02</sys_created_on>
            <sys_customer_update>true</sys_customer_update>
            <sys_domain>global</sys_domain>
            <sys_domain_path>/</sys_domain_path>
            <sys_id>e3a817a4db54b200daa6dfea5e9619d5</sys_id>
            <sys_mod_count>0</sys_mod_count>
            <sys_name>x_amspa_service_my_table</sys_name>
            <sys_overrides/>
            <sys_package display_value="Service Portal Workshop" source="x_amspa_service">c4289b64db54b200daa6dfea5e9619a8</sys_package>
            <sys_policy/>
            <sys_replace_on_upgrade>false</sys_replace_on_upgrade>
            <sys_scope display_value="Service Portal Workshop">c4289b64db54b200daa6dfea5e9619a8</sys_scope>
            <sys_update_name>sys_ui_section_e3a817a4db54b200daa6dfea5e9619d5</sys_update_name>
            <sys_updated_by>admin</sys_updated_by>
            <sys_updated_on>2017-01-10 21:22:02</sys_updated_on>
            <sys_user/>
            <title>true</title>
            <view display_value="Default view" name="NULL">Default view</view>
            <view_name/>
        </sys_ui_section>
    </sys_ui_section>
</record_update>
