<?xml version="1.0" encoding="UTF-8"?>
<record_update table="sys_security_acl_role">
    <sys_security_acl_role action="INSERT_OR_UPDATE">
        <sys_class_name>sys_security_acl_role</sys_class_name>
        <sys_created_by>admin</sys_created_by>
        <sys_created_on>2017-01-10 21:21:45</sys_created_on>
        <sys_customer_update>true</sys_customer_update>
        <sys_id>579817a4db54b200daa6dfea5e9619c8</sys_id>
        <sys_mod_count>0</sys_mod_count>
        <sys_name>x_amspa_service_my_table.x_amspa_service_my_table_user</sys_name>
        <sys_package display_value="Service Portal Workshop" source="x_amspa_service">c4289b64db54b200daa6dfea5e9619a8</sys_package>
        <sys_policy/>
        <sys_replace_on_upgrade>false</sys_replace_on_upgrade>
        <sys_scope display_value="Service Portal Workshop">c4289b64db54b200daa6dfea5e9619a8</sys_scope>
        <sys_security_acl display_value="x_amspa_service_my_table">1b9817a4db54b200daa6dfea5e9619c7</sys_security_acl>
        <sys_update_name>sys_security_acl_role_579817a4db54b200daa6dfea5e9619c8</sys_update_name>
        <sys_updated_by>admin</sys_updated_by>
        <sys_updated_on>2017-01-10 21:21:45</sys_updated_on>
        <sys_user_role display_value="x_amspa_service_my_table_user" name="x_amspa_service_my_table_user">be989b64db54b200daa6dfea5e9619ad</sys_user_role>
        <transaction_id/>
    </sys_security_acl_role>
</record_update>
