<?xml version="1.0" encoding="UTF-8"?>
<record_update table="ua_table_licensing_config">
    <ua_table_licensing_config action="INSERT_OR_UPDATE">
        <is_fulfillment>false</is_fulfillment>
        <name>x_amspa_service_my_table</name>
        <owner_condition table="x_amspa_service_my_table">sys_created_by=javascript:gs.getUserName()^EQ<item endquery="false" field="sys_created_by" goto="false" newquery="false" operator="=" or="false" value="javascript:gs.getUserName()"/>
            <item endquery="true" field="" goto="false" newquery="false" operator="=" or="false" value=""/>
        </owner_condition>
        <sys_class_name>ua_table_licensing_config</sys_class_name>
        <sys_created_by>admin</sys_created_by>
        <sys_created_on>2017-01-10 21:21:45</sys_created_on>
        <sys_customer_update>true</sys_customer_update>
        <sys_id>d39817a4db54b200daa6dfea5e9619d3</sys_id>
        <sys_mod_count>0</sys_mod_count>
        <sys_name>x_amspa_service_my_table</sys_name>
        <sys_package display_value="Service Portal Workshop" source="x_amspa_service">c4289b64db54b200daa6dfea5e9619a8</sys_package>
        <sys_policy/>
        <sys_replace_on_upgrade>false</sys_replace_on_upgrade>
        <sys_scope display_value="Service Portal Workshop">c4289b64db54b200daa6dfea5e9619a8</sys_scope>
        <sys_update_name>ua_table_licensing_config_d39817a4db54b200daa6dfea5e9619d3</sys_update_name>
        <sys_updated_by>admin</sys_updated_by>
        <sys_updated_on>2017-01-10 21:21:45</sys_updated_on>
    </ua_table_licensing_config>
</record_update>
