<?xml version="1.0" encoding="UTF-8"?>
<record_update table="sp_container">
    <sp_container action="INSERT_OR_UPDATE">
        <background_color/>
        <background_image/>
        <background_style>default</background_style>
        <bootstrap_alt>false</bootstrap_alt>
        <class_name/>
        <container_class_name/>
        <name>TechNow28 - Container 1</name>
        <order>1</order>
        <sp_page display_value="technow28">09f5fa2447702200c380b6a0ec9a71a4</sp_page>
        <subheader>false</subheader>
        <sys_class_name>sp_container</sys_class_name>
        <sys_created_by>admin</sys_created_by>
        <sys_created_on>2016-07-20 19:11:28</sys_created_on>
        <sys_customer_update>false</sys_customer_update>
        <sys_id>5a26fa2447702200c380b6a0ec9a71ee</sys_id>
        <sys_mod_count>0</sys_mod_count>
        <sys_name>TechNow28 - Container 1</sys_name>
        <sys_package display_value="TechNow 28" source="sn_technow_28">98ae92a047702200c380b6a0ec9a7167</sys_package>
        <sys_policy/>
        <sys_replace_on_upgrade>false</sys_replace_on_upgrade>
        <sys_scope display_value="TechNow 28">98ae92a047702200c380b6a0ec9a7167</sys_scope>
        <sys_update_name>sp_container_5a26fa2447702200c380b6a0ec9a71ee</sys_update_name>
        <sys_updated_by>admin</sys_updated_by>
        <sys_updated_on>2016-07-20 19:11:28</sys_updated_on>
        <width>container</width>
    </sp_container>
</record_update>
