<?xml version="1.0" encoding="UTF-8"?>
<record_update table="sp_instance">
    <sp_instance action="INSERT_OR_UPDATE">
        <active>true</active>
        <class_name/>
        <color>default</color>
        <css/>
        <glyph/>
        <id/>
        <order>1</order>
        <short_description/>
        <size>md</size>
        <sp_column display_value="1">a956fe2447702200c380b6a0ec9a712e</sp_column>
        <sp_widget display_value="KB Most Viewed">7d903b52cb30020000f8d856634c9ce3</sp_widget>
        <sys_class_name>sp_instance</sys_class_name>
        <sys_created_by>admin</sys_created_by>
        <sys_created_on>2016-07-20 19:17:58</sys_created_on>
        <sys_customer_update>false</sys_customer_update>
        <sys_id>25a7326447702200c380b6a0ec9a717f</sys_id>
        <sys_mod_count>0</sys_mod_count>
        <sys_name/>
        <sys_package display_value="TechNow 28" source="sn_technow_28">98ae92a047702200c380b6a0ec9a7167</sys_package>
        <sys_policy/>
        <sys_replace_on_upgrade>false</sys_replace_on_upgrade>
        <sys_scope display_value="TechNow 28">98ae92a047702200c380b6a0ec9a7167</sys_scope>
        <sys_update_name>sp_instance_25a7326447702200c380b6a0ec9a717f</sys_update_name>
        <sys_updated_by>admin</sys_updated_by>
        <sys_updated_on>2016-07-20 19:17:58</sys_updated_on>
        <title/>
        <url/>
        <widget_parameters/>
    </sp_instance>
</record_update>
