<?xml version="1.0" encoding="UTF-8"?>
<record_update table="sp_page">
    <sp_page action="INSERT_OR_UPDATE">
        <css/>
        <id>technow28</id>
        <internal>false</internal>
        <public>false</public>
        <roles/>
        <short_description/>
        <sys_class_name>sp_page</sys_class_name>
        <sys_created_by>admin</sys_created_by>
        <sys_created_on>2016-07-20 19:10:47</sys_created_on>
        <sys_customer_update>false</sys_customer_update>
        <sys_id>09f5fa2447702200c380b6a0ec9a71a4</sys_id>
        <sys_mod_count>0</sys_mod_count>
        <sys_name>technow28</sys_name>
        <sys_package display_value="TechNow 28" source="sn_technow_28">98ae92a047702200c380b6a0ec9a7167</sys_package>
        <sys_policy/>
        <sys_replace_on_upgrade>false</sys_replace_on_upgrade>
        <sys_scope display_value="TechNow 28">98ae92a047702200c380b6a0ec9a7167</sys_scope>
        <sys_update_name>sp_page_09f5fa2447702200c380b6a0ec9a71a4</sys_update_name>
        <sys_updated_by>admin</sys_updated_by>
        <sys_updated_on>2016-07-20 19:10:47</sys_updated_on>
        <title>TechNow28</title>
    </sp_page>
</record_update>
