<?xml version="1.0" encoding="UTF-8"?>
<record_update table="sys_scope_privilege">
    <sys_scope_privilege action="INSERT_OR_UPDATE">
        <operation>read</operation>
        <source_scope display_value="TechNow 28">98ae92a047702200c380b6a0ec9a7167</source_scope>
        <status>allowed</status>
        <sys_class_name>sys_scope_privilege</sys_class_name>
        <sys_created_by>admin</sys_created_by>
        <sys_created_on>2016-07-20 17:40:47</sys_created_on>
        <sys_customer_update>false</sys_customer_update>
        <sys_id>b96122e047702200c380b6a0ec9a7112</sys_id>
        <sys_mod_count>0</sys_mod_count>
        <sys_name>incident</sys_name>
        <sys_package display_value="TechNow 28" source="sn_technow_28">98ae92a047702200c380b6a0ec9a7167</sys_package>
        <sys_policy/>
        <sys_replace_on_upgrade>false</sys_replace_on_upgrade>
        <sys_scope display_value="TechNow 28">98ae92a047702200c380b6a0ec9a7167</sys_scope>
        <sys_update_name>sys_scope_privilege_b96122e047702200c380b6a0ec9a7112</sys_update_name>
        <sys_updated_by>admin</sys_updated_by>
        <sys_updated_on>2016-07-20 17:40:47</sys_updated_on>
        <target_name>incident</target_name>
        <target_scope display_value="Global">global</target_scope>
        <target_type>sys_db_object</target_type>
    </sys_scope_privilege>
</record_update>
